id,user_id,paper_id,comments,is_relevant,type
1505,1,1,,,
1506,1,18,,0,
1507,1,19,,0,
1508,1,20,,0,
1509,1,21,,,
1510,1,22,,0,
1511,1,23,,0,
1512,1,24,,,
1513,1,25,,0,
1514,1,26,,0,
1515,1,27,,,
1516,1,28,,,
1517,1,30,,,
1518,1,31,,,
1519,1,32,,,
1520,1,33,,,
1521,1,34,,0,
1522,1,35,,,
1523,1,36,,,
1524,1,37,,,
1525,1,38,,,
1526,1,39,,0,
1527,1,40,,,
1528,1,41,,,
1529,1,42,,,
1530,1,43,,,
1531,1,44,,1,
1532,1,45,,,
1533,1,46,,,
1534,1,47,,,
1535,1,48,,,
1536,1,49,,,
1537,1,50,,1,
1538,1,51,,,
1539,1,52,,,
1540,1,53,,0,
1541,1,54,,,
1542,1,55,,,
1543,1,56,,,
1544,1,57,,,
1545,1,58,,0,
1546,1,59,,,
1547,1,60,,,
1548,1,61,,,
1549,1,62,,,
1550,1,63,,,
1551,1,64,,,
1552,1,65,,,
1553,1,66,,,
1554,1,67,,,
1555,1,68,,,
1556,1,69,,,
1557,1,70,,,
1558,1,71,,,
1559,1,72,,1,
1560,1,73,,,
1561,1,74,,,
1562,1,75,,,
1563,1,76,,,
1564,1,77,,,
1565,1,78,,,
1566,1,79,,,
1567,1,80,,,
1568,1,81,,,
1569,1,82,,0,
1570,1,83,,,
1571,1,84,,,
1572,1,85,,,
1573,1,86,,,
1574,1,87,,0,
1575,1,88,,,
1576,1,89,,0,Survey
1577,1,90,,,
1578,1,91,,,
1579,1,92,,0,
1580,1,93,,1,
1581,1,94,,,
1582,1,95,,,
1583,1,96,,0,
1584,1,97,,,
1585,1,98,,,
1586,1,99,,,
1587,1,100,,,
1588,1,101,,,
1589,1,102,,,
1590,1,103,,,
1591,1,104,,,
1592,1,105,,,
1593,1,112,,,
1594,1,114,,,
1595,1,115,,,
1596,1,116,,,
1597,1,117,,,
1598,1,118,,,
1599,1,119,,,
1600,1,120,,,
1601,1,121,,,
1602,1,122,,,
1603,1,123,,,
1604,1,124,,,
1605,1,125,,,
1606,1,126,,,
1607,1,127,,,
1608,1,128,,,
1609,1,129,,,
1610,1,130,,,
1611,1,131,,,
1612,1,139,,,
1613,1,140,,,
1614,1,141,,,
1615,1,142,,,
1616,1,143,,,
1617,1,144,,,
1618,1,145,,,
1619,1,146,,,
1620,1,147,,,
1621,1,148,,,
1622,1,149,,,
1623,1,150,,0,Survey
1624,1,151,,,
1625,1,152,,,
1626,1,153,,,
1627,1,154,,,
1628,1,155,,,
1629,1,156,,,
1630,1,157,,0,Survey
1631,1,158,,,
1632,1,159,,,
1633,1,160,,,
1634,1,161,,,
1635,1,162,,,
1636,1,163,,,
1637,1,164,,,
1638,1,165,,,
1639,1,166,,,
1640,1,167,,,
1641,1,168,,,
1642,1,169,,0,Survey
1643,1,171,,,
1644,1,172,,,
1645,1,173,,,
1646,1,174,,,
1647,1,175,,,
1648,1,176,,,
1649,1,177,,,
1650,1,178,,0,
1651,1,179,,,
1652,1,180,,,
1653,1,181,,,
1654,1,182,,,
1655,1,183,,,
1656,1,184,,,
1657,1,185,,,
1658,1,186,,,
1659,1,187,,,
1660,1,188,,,
1661,1,189,,,
1662,1,190,,,
1663,1,191,,,
1664,1,192,,,
1665,1,193,,0,
1666,1,194,,0,
1667,1,195,,0,
1668,1,196,,0,
1669,1,197,,0,
1670,1,198,,0,
1671,1,199,,0,
1672,1,200,,0,
1673,1,201,,0,
1674,1,202,,0,
1675,1,203,,0,
1676,1,204,,0,Survey
1677,1,205,,,
1678,1,206,,0,
1679,1,207,,,
1680,1,208,,,
1681,1,209,,1,
1682,1,210,,1,
1683,1,211,,1,
1684,1,212,,1,
1685,1,213,,1,
1686,1,214,,1,
1687,1,215,,1,
1688,1,216,,1,Survey
1689,1,217,,0,
1690,1,218,,0,
1691,1,219,,,
1692,1,220,,0,
1693,1,221,,1,
1694,1,222,,,
1695,1,223,,,
1696,1,224,,,
1697,1,225,,,
1698,1,226,,,
1699,1,227,,,
1700,1,228,,,
1701,1,229,,,
1702,1,230,,,
1703,1,231,,0,
1704,1,232,,,
1705,1,233,,,
1706,1,234,,0,
1707,1,235,,,
1708,1,236,,,
1709,1,237,,,
1710,1,238,,,
1711,1,239,,0,
1712,1,240,,,
1713,1,241,,,
1714,1,242,,,
1715,1,243,,,
1716,1,244,,,
1717,1,245,,,
1718,1,246,,,
1719,1,247,,,
1720,1,249,,,
1721,1,250,,,
1722,1,251,,,
1723,1,252,,,
1724,1,253,,,
1725,1,254,,0,
1726,1,255,,,
1727,1,256,,,
1728,1,257,,,
1729,1,258,,,
1730,1,259,,,
1731,1,260,,,
1732,1,261,,,
1733,1,262,,,
1734,1,263,,0,
1735,1,264,,,
1736,1,265,,,
1737,1,266,,,
1738,1,267,,,
1739,1,268,,,
1740,1,269,,,
1741,1,270,,,
1742,1,271,,,
1743,1,272,,,
1744,1,273,,,
1745,1,274,,,
1746,1,275,,,
1747,1,276,,0,
1748,1,277,,,
1749,1,278,,,
1750,1,279,,,
1751,1,280,,,
1752,1,281,,,
1753,1,282,,,
1754,1,283,,,
1755,1,284,,,
1756,1,285,,,
1757,1,286,,,
1758,1,287,,,
1759,1,288,,,
1760,1,289,,,
1761,1,290,,,
1762,1,291,,,
1763,1,292,,0,
1764,1,293,,,
1765,1,294,,,
1766,1,295,,,
1767,1,296,,,
1768,1,297,,,
1769,1,298,,,
1770,1,299,,0,Survey
1771,1,300,,,
1772,1,301,,,
1773,1,302,,,
1774,1,303,,,
1775,1,304,,,
1776,1,305,,,
1777,1,306,,,
1778,1,307,,,
1779,1,308,,,
1780,1,309,,,
1781,1,310,,,
1782,1,311,,,
1783,1,312,,,
1784,1,313,,,
1785,1,314,,,
1786,1,315,,,
1787,1,316,,,
1788,1,317,,0,
1789,1,318,,,
1790,1,319,,,
1791,1,320,,,
1792,1,321,,,
1793,1,322,,,
1794,1,323,,,
1795,1,324,,,
1796,1,325,,,
1797,1,327,,,
1798,1,328,,,
1799,1,329,,,
1800,1,330,,,
1801,1,331,,,
1802,1,332,,,
1803,1,333,,,
1804,1,334,,,
1805,1,335,,,
1806,1,336,,,
1807,1,337,,,
1808,1,338,,,
1809,1,339,,,
1810,1,340,,,
1811,1,341,,,
1812,1,342,,,
1813,1,343,,,
1814,1,344,,,
1815,1,345,,,
1816,1,346,,,
1817,1,347,,,
1818,1,348,,,
1819,1,349,,,
1820,1,350,,0,
1821,1,351,,,
1822,1,356,,,
1823,1,357,,,
1824,1,358,,,
1825,1,359,,,
1826,1,360,,,
1827,1,361,,,
1828,1,362,,,
1829,1,363,,,
1830,1,364,,,
1831,1,365,,,
1832,1,366,,,
1833,1,367,,,
1834,1,368,,,
1835,1,369,,,
1836,1,370,,,
1837,1,371,,0,
1838,1,372,,,
1839,1,373,,,
1840,1,374,,,
1841,1,375,,,
1842,1,376,,,
1843,1,377,,,
1844,1,378,,,
1845,1,379,,,
1846,1,380,,,
1847,1,381,,,
1848,1,382,,,
1849,1,383,,,
1850,1,384,,,
1851,1,385,,,
1852,1,386,,,
1853,1,387,,,
1854,1,388,,,
1855,1,389,,,
1856,1,390,,,
1857,1,391,,,
1858,1,392,,,
1859,1,393,,,
1860,1,394,,,
1861,1,395,,,
1862,1,396,,,
1863,1,397,,,
1864,1,398,,,
1865,1,399,,,
1866,1,400,,,
1867,1,401,,,
1868,1,402,,,
1869,1,403,,,
1870,1,404,,,
1871,1,405,,,
1872,1,406,,,
1873,1,407,,,
1874,1,408,,,
1875,1,409,,,
1876,1,410,,,
1877,1,411,,,
1878,1,412,,,
1879,1,413,,,
1880,1,414,,,
1881,1,415,,,
1882,1,416,,,
1883,1,417,,0,
1884,1,418,,,
1885,1,419,,,
1886,1,420,,,
1887,1,421,,,
1888,1,422,,,
1889,1,423,,,
1890,1,424,,,
1891,1,425,,,
1892,1,426,,,
1893,1,427,,,
1894,1,428,,0,
1895,1,429,,,
1896,1,430,,,
1897,1,431,,,
1898,1,432,,,
1899,1,433,,,
1900,1,434,,,
1901,1,435,,,
1902,1,436,,,
1903,1,437,,,
1904,1,438,,,
1905,1,439,,,
1906,1,440,,,
1907,1,441,,,
1908,1,442,,,
1909,1,443,,,
1910,1,444,,,
1911,1,445,,,
1912,1,446,,,
1913,1,447,,,
1914,1,448,,,
1915,1,449,,,
1916,1,450,,,
1917,1,451,,,
1918,1,452,,,
1919,1,453,,,
1920,1,454,,,
1921,1,455,,,
1922,1,456,,,
1923,1,457,,,
1924,1,458,,,
1925,1,459,,,
1926,1,460,,,
1927,1,461,,,
1928,1,462,,,
1929,1,463,,,
1930,1,464,,,
1931,1,465,,,
1932,1,466,,,
1933,1,467,,,
1934,1,468,,,
1935,1,469,,,
1936,1,470,,0,
1937,1,471,,,
1938,1,472,,,
1939,1,473,,,
1940,1,474,,,
1941,1,475,,,
1942,1,476,,,
1943,1,477,,,
1944,1,478,,,
1945,1,479,,,
1946,1,480,,,
1947,1,481,,0,
1948,1,482,,,
1949,1,483,,,
1950,1,484,,,
1951,1,485,,,
1952,1,486,,,
1953,1,487,,,
1954,1,488,,,
1955,1,489,,,
1956,1,490,,,
1957,1,491,,0,Survey
1958,1,492,,,
1959,1,493,,,
1960,1,494,,,
1961,1,495,,,
1962,1,496,,,
1963,1,497,,,
1964,1,498,,,
1965,1,499,,,
1966,1,500,,,
1967,1,501,,,
1968,1,502,,,
1969,1,503,,,
1970,1,504,,,
1971,1,505,,,
1972,1,506,,,
1973,1,507,,,
1974,1,508,,,
1975,1,509,,,
1976,1,510,,,
1977,1,511,,0,
1978,1,512,,0,
1979,1,513,,,
1980,1,514,,,
1981,1,515,,,
1982,1,516,,,
1983,1,517,,,
1984,1,518,,,
1985,1,519,,,
1986,1,520,,,
1987,1,521,,,
1988,1,522,,,
1989,1,523,,,
1990,1,524,,,
1991,1,525,,,
1992,1,526,,,
1993,1,527,,,
1994,1,528,,,
1995,1,529,,,
1996,1,530,,,
1997,1,531,,,
1998,1,532,,,
1999,1,533,,,
2000,1,534,,,
2001,1,535,,,
2002,1,536,,,
2003,1,537,,,
2004,1,538,,,
2005,1,539,,,
2006,1,540,,,
2007,1,541,,,
2008,1,542,,,
2009,1,543,,,
2010,1,544,,,
2011,1,545,,,
2012,1,546,,,
2013,1,547,,,
2014,1,548,,,
2015,1,549,,,
2016,1,550,,,
2017,1,551,,,
2018,1,552,,,
2019,1,553,,,
2020,1,554,,,
2021,1,555,,0,
2022,1,556,,,
2023,1,557,,,
2024,1,558,,,
2025,1,559,,,
2026,1,560,,,
2027,1,561,,,
2028,1,562,,,
2029,1,563,,,
2030,1,564,,,
2031,1,565,,,
2032,1,566,,,
2033,1,567,,,
2034,1,568,,,
2035,1,569,,,
2036,1,570,,,
2037,1,571,,,
2038,1,572,,,
2039,1,573,,,
2040,1,574,,,
2041,1,575,,,
2042,1,576,,,
2043,1,577,,,
2044,1,578,,,
2045,1,579,,,
2046,1,580,,,
2047,1,581,,0,
2048,1,582,,,
2049,1,583,,,
2050,1,584,,,
2051,1,585,,,
2052,1,586,,,
2053,1,587,,,
2054,1,588,,,
2055,1,589,,,
2056,1,590,,,
2057,1,591,,,
2058,1,592,,,
2059,1,593,,,
2060,1,594,,,
2061,1,595,,,
2062,1,596,,,
2063,1,597,,,
2064,1,598,,,
2065,1,599,,,
2066,1,600,,,
2067,1,601,,,
2068,1,602,,,
2069,1,603,,,
2070,1,604,,,
2071,1,605,,,
2072,1,606,,,
2073,1,607,,,
2074,1,608,,,
2075,1,609,,,
2076,1,610,,,
2077,1,611,,,
2078,1,612,,,
2079,1,613,,,
2080,1,614,,,
2081,1,615,,,
2082,1,616,,,
2083,1,617,,,
2084,1,618,,,
2085,1,619,,0,Survey
2086,1,620,,,
2087,1,621,,,
2088,1,622,,,
2089,1,623,,,
2090,1,624,,,
2091,1,625,,,
2092,1,626,,,
2093,1,627,,,
2094,1,628,,,
2095,1,629,,,
2096,1,630,,,
2097,1,631,,,
2098,1,632,,,
2099,1,633,,,
2100,1,634,,,
2101,1,635,,,
2102,1,636,,,
2103,1,637,,,
2104,1,638,,,
2105,1,639,,,
2106,1,640,,,
2107,1,641,,,
2108,1,642,,,
2109,1,643,,,
2110,1,644,,,
2111,1,645,,,
2112,1,646,,,
2113,1,647,,,
2114,1,648,,,
2115,1,649,,,
2116,1,650,,,
2117,1,651,,,
2118,1,652,,,
2119,1,653,,,
2120,1,654,,,
2121,1,655,,,
2122,1,656,,,
2123,1,657,,,
2124,1,658,,,
2125,1,659,,,
2126,1,660,,,
2127,1,661,,,
2128,1,662,,,
2129,1,663,,,
2130,1,664,,,
2131,1,665,,,
2132,1,666,,,
2133,1,667,,,
2134,1,668,,,
2135,1,669,,,
2136,1,670,,,
2137,1,671,,,
2138,1,672,,,
2139,1,673,,,
2140,1,674,,,
2141,1,675,,,
2142,1,676,,,
2143,1,677,,,
2144,1,678,,,
2145,1,679,,,
2146,1,680,,,
2147,1,681,,,
2148,1,682,,,
2149,1,683,,,
2150,1,684,,,
2151,1,685,,,
2152,1,686,,,
2153,1,687,,,
2154,1,688,,,
2155,1,689,,,
2156,1,690,,,
2157,1,691,,,
2158,1,692,,,
2159,1,693,,,
2160,1,694,,,
2161,1,695,,,
2162,1,696,,,
2163,1,697,,,
2164,1,698,,,
2165,1,699,,,
2166,1,700,,,
2167,1,701,,0,
2168,1,702,,,
2169,1,703,,,
2170,1,704,,,
2171,1,705,,,
2172,1,706,,,
2173,1,707,,,
2174,1,708,,,
2175,1,709,,,
2176,1,710,,,
2177,1,711,,,
2178,1,712,,,
2179,1,713,,,
2180,1,714,,,
2181,1,715,,,
2182,1,716,,,
2183,1,717,,,
2184,1,718,,,
2185,1,719,,,
2186,1,720,,,
2187,1,721,,,
2188,1,722,,,
2189,1,723,,,
2190,1,724,,,
2191,1,725,,,
2192,1,726,,,
2193,1,727,,,
2194,1,728,,,
2195,1,729,,,
2196,1,730,,,
2197,1,731,,,
2198,1,732,,0,Survey
2199,1,733,,,
2200,1,734,,,
2201,1,735,,,
2202,1,736,,,
2203,1,737,,,
2204,1,738,,,
2205,1,739,,,
2206,1,740,,,
2207,1,741,,,
2208,1,742,,,
2209,1,743,,,
2210,1,744,,,
2211,1,745,,,
2212,1,746,,,
2213,1,747,,,
2214,1,748,,,
2215,1,749,,,
2216,1,750,,,
2217,1,751,,,
2218,1,752,,,
2219,1,753,,,
2220,1,754,,,
2221,1,755,,,
2222,1,756,,,
2223,1,757,,,
2224,1,758,,,
2225,1,759,,,
2226,1,760,,,
2227,1,761,,,
2228,1,762,,,
2229,1,763,,,
2230,1,764,,,
2231,1,765,,,
2232,1,766,,,
2233,1,767,,,
2234,1,768,,,
2235,1,769,,,
2236,1,770,,,
2237,1,771,,,
2238,1,772,,,
2239,1,773,,,
2240,1,774,,,
2241,1,775,,,
2242,1,776,,,
2243,1,777,,,
2244,1,778,,,
2245,1,779,,,
2246,1,780,,,
2247,1,781,,,
2248,1,782,,,
2249,1,783,,,
2250,1,784,,,
2251,1,785,,,
2252,1,786,,,
2253,1,787,,,
2254,1,788,,,
2255,1,789,,,
2256,1,790,,,
2257,1,791,,,
2258,1,792,,,
2259,1,793,,,
2260,1,794,,,
2261,1,795,,,
2262,1,796,,,
2263,1,797,,,
2264,1,798,,,
2265,1,799,,0,Survey
2266,1,800,,,
2267,1,801,,,
2268,1,802,,,
2269,1,803,,,
2270,1,804,,,
2271,1,805,,,
2272,1,806,,0,
2273,1,807,,,
2274,1,808,,,
2275,1,809,,,
2276,1,810,,,
2277,1,811,,,
2278,1,812,,,
2279,1,813,,,
2280,1,814,,,
2281,1,815,,,
2282,1,816,,,
2283,1,817,,0,Survey
2284,1,818,,,
2285,1,819,,,
2286,1,820,,,
2287,1,821,,,
2288,1,822,,,
2289,1,823,,,
2290,1,824,,,
2291,1,825,,,
2292,1,826,,,
2293,1,827,,,
2294,1,828,,,
2295,1,829,,,
2296,1,830,,,
2297,1,831,,,
2298,1,832,,,
2299,1,833,,,
2300,1,834,,,
2301,1,835,,,
2302,1,836,,,
2303,1,837,,,
2304,1,838,,,
2305,1,839,,,
2306,1,840,,,
2307,1,841,,,
2308,1,842,,,
2309,1,843,,,
2310,1,844,,0,
2311,1,845,,,
2312,1,846,,,
2313,1,847,,0,
2314,1,848,,0,
2315,1,849,,,
2316,1,850,,,
2317,1,851,,,
2318,1,852,,,
2319,1,853,,,
2320,1,854,,,
2321,1,855,,1,
2322,1,856,,,
2323,1,857,,0,
2324,1,858,,,
2325,1,859,,,
2326,1,860,,,
2327,1,861,,,
2328,1,862,,,
2329,1,863,,,
2330,1,864,,,
2331,1,865,,,
2332,1,866,,,
2333,1,867,,,
2334,1,868,,,
2335,1,869,,,
2336,1,870,,,
2337,1,871,,0,Survey
2338,1,872,,,
2339,1,873,,,
2340,1,874,,,
2341,1,875,,,
2342,1,876,,,
2343,1,877,,,
2344,1,878,,,
2345,1,879,,,
2346,1,880,,,
2347,1,881,,,
2348,1,882,,,
2349,1,883,,,
2350,1,884,,,
2351,1,885,,,
2352,1,886,,,
2353,1,887,,,
2354,1,888,,,
2355,1,889,,,
2356,1,890,,,
2357,1,891,,,
2358,1,892,,,
2359,1,893,,,
2360,1,894,,,
2361,1,895,,,
2362,1,896,,,
2363,1,897,,,
2364,1,898,,,
2365,1,899,,,
2366,1,900,,,
2367,1,901,,,
2368,1,902,,,
2369,1,903,,,
2370,1,904,,,
2371,1,905,,,
2372,1,906,,,
2373,1,907,,,
2374,1,908,,,
2375,1,909,,,
2376,1,910,,,
2377,1,911,,,
2378,1,912,,,
2379,1,913,,,
2380,1,914,,,
2381,1,915,,,
2382,1,916,,,
2383,1,917,,,
2384,1,918,,,
2385,1,919,,,
2386,1,920,,,
2387,1,921,,,
2388,1,922,,,
2389,1,923,,,
2390,1,924,,,
2391,1,925,,,
2392,1,926,,,
2393,1,927,,,
2394,1,928,,,
2395,1,929,,,
2396,1,930,,,
2397,1,931,,,
2398,1,932,,,
2399,1,933,,,
2400,1,934,,,
2401,1,935,,,
2402,1,936,,,
2403,1,937,,,
2404,1,938,,,
2405,1,939,,,
2406,1,940,,,
2407,1,941,,,
2408,1,942,,,
2409,1,943,,,
2410,1,944,,,
2411,1,945,,,
2412,1,946,,,
2413,1,947,,,
2414,1,948,,,
2415,1,949,,,
2416,1,950,,,
2417,1,951,,,
2418,1,952,,,
2419,1,953,,,
2420,1,954,,,
2421,1,955,,,
2422,1,956,,,
2423,1,957,,,
2424,1,958,,,
2425,1,959,,0,Survey
2426,1,960,,,
2427,1,961,,,
2428,1,962,,,
2429,1,963,,,
2430,1,964,,,
2431,1,965,,,
2432,1,966,,,
2433,1,967,,,
2434,1,968,,,
2435,1,969,,,
2436,1,970,,,
2437,1,971,,,
2438,1,972,,,
2439,1,973,,,
2440,1,974,,0,
2441,1,975,,,
2442,1,976,,,
2443,1,977,,,
2444,1,978,,,
2445,1,979,,,
2446,1,980,,,
2447,1,981,,,
2448,1,982,,,
2449,1,983,,,
2450,1,984,,,
2451,1,985,,,
2452,1,986,,,
2453,1,987,,,
2454,1,988,,,
2455,1,989,,,
2456,1,990,,,
2457,1,991,,,
2458,1,992,,,
2459,1,993,,,
2460,1,994,,,
2461,1,995,,,
2462,1,996,,,
2463,1,997,,,
2464,1,998,,,
2465,1,999,,0,Survey
2466,1,1000,,,
2467,1,1001,,,
2468,1,1002,,1,
2469,1,1003,,,
2470,1,1004,,,
2471,1,1005,,,
2472,1,1006,,,
2473,1,1007,,,
2474,1,1008,,,
2475,1,1009,,,
2476,1,1010,,,
2477,1,1011,,,
2478,1,1012,,,
2479,1,1013,,,
2480,1,1014,,,
2481,1,1015,,,
2482,1,1016,,,
2483,1,1017,,,
2484,1,1018,,,
2485,1,1019,,,
2486,1,1020,,,
2487,1,1021,,,
2488,1,1022,,,
2489,1,1023,,,
2490,1,1024,,,
2491,1,1025,,0,Survey
2492,1,1026,,,
2493,1,1027,,,
2494,1,1028,,1,
2495,1,1029,,,
2496,1,1030,,,
2497,1,1031,,,
2498,1,1032,,,
2499,1,1033,,,
2500,1,1034,,,
2501,1,1035,,0,Survey
2502,1,1036,,,
2503,1,1037,,,
2504,1,1038,,,
2505,1,1039,,,
2506,1,1040,,,
2507,1,1041,,,
2508,1,1042,,,
2509,1,1043,,,
2510,1,1044,,,
2511,1,1045,,,
2512,1,1046,,,
2513,1,1047,,,
2514,1,1048,,,
2515,1,1049,,,
2516,1,1050,,,
2517,1,1051,,,
2518,1,1052,,,
2519,1,1053,,0,
2520,1,1054,,0,
2521,1,1055,,,
2522,1,1056,,,
2523,1,1057,,,
2524,1,1058,,,
2525,1,1059,,,
2526,1,1060,,,
2527,1,1061,,,
2528,1,1062,,,
2529,1,1063,,,
2530,1,1064,,,
2531,1,1065,,,
2532,1,1066,,,
2533,1,1067,,,
2534,1,1068,,,
2535,1,1069,,,
2536,1,1070,,,
2537,1,1071,,,
2538,1,1072,,,
2539,1,1073,,,
2540,1,1074,,,
2541,1,1075,,,
2542,1,1076,,,
2543,1,1077,,,
2544,1,1078,,,
2545,1,1079,,,
2546,1,1080,,,
2547,1,1081,,,
2548,1,1082,,,
2549,1,1083,,,
2550,1,1084,,,
2551,1,1085,,,
2552,1,1086,,0,Survey
2553,1,1087,,,
2554,1,1088,,,
2555,1,1089,,,
2556,1,1090,,,
2557,1,1091,,,
2558,1,1092,,,
2559,1,1093,,,
2560,1,1094,,,
2561,1,1095,,,
2562,1,1096,,,
2563,1,1097,,,
2564,1,1098,,,
2565,1,1099,,,
2566,1,1127,,,
2567,1,1128,,,
2568,1,1129,,,
2569,1,1130,,,
2570,1,1131,,,
2571,1,1132,,,
2572,1,1133,,,
2573,1,1134,,,
2574,1,1135,,,
2575,1,1136,,,
2576,1,1137,,,
2577,1,1138,,,
2578,1,1139,,,
2579,1,1140,,,
2580,1,1141,,0,
2581,1,1142,,,
2582,1,1164,,,
2583,1,1165,,,
2584,1,1166,,,
2585,1,1167,,,
2586,1,1168,,,
2587,1,1169,,,
2588,1,1170,,,
2589,1,1171,,,
2590,1,1172,,,
2591,1,1173,,,
2592,1,1174,,,
2593,1,1175,,,
2594,1,1176,,,
2595,1,1177,,,
2596,1,1178,,,
2597,1,1179,,0,
2598,1,1180,,,
2599,1,1181,,0,
2600,1,1182,,0,
2601,1,1183,,0,Survey
2602,1,1184,,,
2603,1,1185,,,
2604,1,1186,,,
2605,1,1187,,0,Survey
2606,1,1188,,,
2607,1,1189,,,
2608,1,1190,,,
2609,1,1191,,,
2610,1,1192,,,
2611,1,1193,,,
2612,1,1194,,,
2613,1,1195,,,
2614,1,1196,,,
2615,1,1197,,,
2616,1,1198,,,
2617,1,1199,,,
2618,1,1208,,,
2619,1,1209,,,
2620,1,1210,,,
2621,1,1211,,,
2622,1,1212,,,
2623,1,1213,,,
2624,1,1214,,,
2625,1,1215,,,
2626,1,1216,,0,
2627,1,1217,,,
2628,1,1218,,,
2629,1,1219,,,
2630,1,1220,,,
2631,1,1221,,,
2632,1,1222,,,
2633,1,1223,,,
2634,1,1224,,,
2635,1,1225,,,
2636,1,1226,,,
2637,1,1227,,,
2638,1,1228,,,
2639,1,1229,,0,
2640,1,1230,,0,
2641,1,1231,,,
2642,1,1232,,,
2643,1,1233,,0,
2644,1,1234,,,
2645,1,1235,,,
2646,1,1238,,,
2647,1,1239,,0,
2648,1,1240,,0,
2649,1,1241,,0,
2650,1,1242,,,
2651,1,1243,,,
2652,1,1244,,,
2653,1,1245,,0,
2654,1,1246,,0,
2655,1,1247,,,
2656,1,1248,,0,Survey
2657,1,1249,,,
2658,1,1250,,0,
2659,1,1251,,,
2660,1,1252,,,
2661,1,1253,,,
2662,1,1254,,,
2663,1,1256,,,
2664,1,1257,,,
2665,1,1258,,0,
2666,1,1259,,,
2667,1,1260,,,
2668,1,1261,,,
2669,1,1262,,,
2670,1,1263,,,
2671,1,1264,,,
2672,1,1265,,,
2673,1,1266,,,
2674,1,1267,,,
2675,1,1268,,,
2676,1,1269,,,
2677,1,1270,,,
2678,1,1271,,,
2679,1,1272,,,
2680,1,1273,,,
2681,1,1274,,,
2682,1,1275,,,
2683,1,1277,,,
2684,1,1278,,0,Survey
2685,1,1279,,,
2686,1,1280,,,
2687,1,1281,,,
2688,1,1282,,0,Survey
2689,1,1283,,0,
2690,1,1284,,0,
2691,1,1285,,0,
2692,1,1286,,,
2693,1,1287,,,
2694,1,1288,,0,
2695,1,1289,,0,
2696,1,1290,,,
2697,1,1291,,,
2698,1,1292,,,
2699,1,1293,,,
2700,1,1294,,,
2701,1,1295,,,
2702,1,1296,,,
2703,1,1297,,0,Survey
2704,1,1298,,,
2705,1,1299,,0,
2706,1,1300,,,
2707,1,1301,,,
2708,1,1302,,,
2709,1,1303,,,
2710,1,1304,,,
2711,1,1305,,,
2712,1,1306,,,
2713,1,1308,,,
2714,1,1309,,,
2715,1,1310,,,
2716,1,1311,,,
2717,1,1312,,,
2718,1,1313,,,
2719,1,1314,,0,
2720,1,1315,,,
2721,1,1316,,,
2722,1,1317,,,
2723,1,1318,,,
2724,1,1319,,,
2725,1,1320,,,
2726,1,1321,,,
2727,1,1322,,,
2728,1,1323,,0,Survey
2729,1,1324,,,
2730,1,1325,,,
2731,1,1326,,0,
2732,1,1327,,,
2733,1,1328,,0,
2734,1,1329,,0,
2735,1,1330,,0,
2736,1,1331,,0,
2737,1,1332,,0,Survey
2738,1,1333,,,
2739,1,1334,,,
2740,1,1335,,,
2741,1,1336,,,
2742,1,1337,,,
2743,1,1338,,,
2744,1,1339,,,
2745,1,1340,,,
2746,1,1341,,,
2747,1,1342,,,
2748,1,1343,,,
2749,1,1344,,0,
2750,1,1345,,,
2751,1,1346,,,
2752,1,1347,,,
2753,1,1348,,,
2754,1,1349,,,
2755,1,1350,,,
2756,1,1351,,0,Survey
2757,1,1352,,0,Survey
2758,1,1353,,,
2759,1,1354,,,
2760,1,1355,,,
2761,1,1356,,,
2762,1,1357,,,
2763,1,1358,,,
2764,1,1359,,,
2765,1,1360,,,
2766,1,1361,,,
2767,1,1362,,,
2768,1,1363,,,
2769,1,1364,,,
2770,1,1365,,,
2771,1,1366,,,
2772,1,1367,,,
2773,1,1368,,,
2774,1,1369,,,
2775,1,1370,,,
2776,1,1371,,,
2777,1,1372,,,
2778,1,1373,,,
2779,1,1374,,,
2780,1,1375,,,
2781,1,1376,,,
2782,1,1377,,,
2783,1,1378,,,
2784,1,1379,,,
2785,1,1380,,,
2786,1,1381,,0,
2787,1,1382,,,
2788,1,1383,,0,
2789,1,1384,,,
2790,1,1385,,0,Survey
2791,1,1386,,,
2792,1,1387,,,
2793,1,1388,,,
2794,1,1389,,,
2795,1,1390,,0,
2796,1,1391,,,
2797,1,1392,,,
2798,1,1393,,,
2799,1,1394,,,
2800,1,1395,,,
2801,1,1396,,,
2802,1,1398,,,
2803,1,1399,,,
2804,1,1400,,,
2805,1,1401,,,
2806,1,1402,,,
2807,1,1403,,,
2808,1,1404,,,
2809,1,1405,,,
2810,1,1406,,,
2811,1,1407,,,
2812,1,1408,,,
2813,1,1409,,,
2814,1,1410,,,
2815,1,1411,,,
2816,1,1412,,,
2817,1,1413,,,
2818,1,1414,,0,Survey
2819,1,1415,,,
2820,1,1416,,,
2821,1,1417,,,
2822,1,1418,,,
2823,1,1419,,,
2824,1,1420,,,
2825,1,1421,,,
2826,1,1422,,,
2827,1,1424,,0,Survey
2828,1,1425,,,
2829,1,1426,,,
2830,1,1427,,,
2831,1,1428,,,
2832,1,1429,,,
2833,1,1430,,0,
2834,1,1431,,0,
2835,1,1432,,,
2836,1,1433,,,
2837,1,1434,,,
2838,1,1435,,,
2839,1,1436,,,
2840,1,1437,,,
2841,1,1438,,,
2842,1,1439,,,
2843,1,1440,,,
2844,1,1441,,,
2845,1,1442,,,
2846,1,1443,,,
2847,1,1444,,,
2848,1,1445,,,
2849,1,1446,,,
2850,1,1447,,,
2851,1,1448,,,
2852,1,1449,,,
2853,1,1450,,,
2854,1,1451,,,
2855,1,1452,,,
2856,1,1453,,,
2857,1,1454,,,
2858,1,1455,,,
2859,1,1456,,0,
2860,1,1457,,0,Survey
2861,1,1458,,,
2862,1,1459,,,
2863,1,1460,,,
2864,1,1461,,,
2865,1,1462,,,
2866,1,1463,,,
2867,1,1464,,,
2868,1,1465,,,
2869,1,1466,,,
2870,1,1467,,0,
2871,1,1468,,,
2872,1,1469,,,
2873,1,1470,,,
2874,1,1471,,,
2875,1,1472,,,
2876,1,1473,,,
2877,1,1474,,,
2878,1,1475,,,
2879,1,1477,,,
2880,1,1478,,,
2881,1,1479,,,
2882,1,1480,,,
2883,1,1481,,,
2884,1,1482,,,
2885,1,1483,,,
2886,1,1484,,,
2887,1,1485,,,
2888,1,1486,,,
2889,1,1488,,,
2890,1,1489,,,
2891,1,1490,,,
2892,1,1491,,,
2893,1,1492,,,
2894,1,1493,,,
2895,1,1494,,,
2896,1,1495,,,
2897,1,1496,,,
2898,1,1497,,,
2899,1,1498,,,
2900,1,1500,,,
2901,1,1501,,,
2902,1,1502,,,
2903,1,1503,,,
2904,1,1504,,,
2905,1,1505,,,
2906,1,1506,,,
2907,1,1507,,,
2908,1,1508,,,
2909,1,1509,,,
2910,1,1510,,,
2911,1,1511,,,
2912,1,1512,,,
2913,1,1513,,,
2914,1,1514,,,
2915,1,1515,,,
2916,1,1516,,,
2917,1,1517,,,
2918,1,1518,,,
2919,1,1519,,,
2920,1,1520,,,
2921,1,1521,,,
2922,1,1522,,,
2923,1,1523,,,
2924,1,1524,,,
2925,1,1525,,,
2926,1,1526,,,
2927,1,1527,,,
2928,1,1528,,,
2929,1,1529,,0,
2930,1,1530,,,
2931,1,1531,,,
2932,1,1532,,,
2933,1,1533,,,
2934,1,1534,,,
2935,1,1535,,,
2936,1,1536,,,
2937,1,1537,,,
2938,1,1538,,,
2939,1,1539,,,
2940,1,1540,,,
2941,1,1541,,,
2942,1,1542,,,
2943,1,1543,,,
2944,1,1544,,,
2945,1,1545,,,
2946,1,1546,,,
2947,1,1547,,,
2948,1,1548,,,
2949,1,1549,,,
2950,1,1550,,,
2951,1,1551,,,
2952,1,1552,,,
2953,1,1553,,,
2954,1,1554,,,
2955,1,1555,,,
2956,1,1556,,0,Survey
2957,1,1557,,,